{"stats":{"minecraft:dropped":{"minecraft:wheat_seeds":1},"minecraft:used":{"minecraft:oak_log":2},"minecraft:custom":{"minecraft:jump":52,"minecraft:time_since_rest":2032,"minecraft:damage_dealt":80,"minecraft:leave_game":2,"minecraft:play_time":2032,"minecraft:sprint_one_cm":6110,"minecraft:time_since_death":2032,"minecraft:walk_one_cm":3822,"minecraft:total_world_time":2032,"minecraft:mob_kills":1,"minecraft:drop":1,"minecraft:fall_one_cm":1045,"minecraft:fly_one_cm":13252},"minecraft:picked_up":{"minecraft:oak_log":2,"minecraft:mutton":2,"minecraft:wheat_seeds":1,"minecraft:white_wool":1},"minecraft:mined":{"minecraft:short_grass":1,"minecraft:oak_log":2},"minecraft:killed":{"minecraft:sheep":1}},"DataVersion":3953}